[
    {
      "name": "lista-contatos",
      "titulo": "Contactos",
      "objetivo": "Muestra todos los contactos registrados"
    },
    {
      "name": "contatos-por-etiquetas",
      "titulo": "Contactos por Etiqueta",
      "objetivo": "Muestra los contactos que fueron marcados con la etiqueta filtrada."
    },
    {
      "name": "contatos-por-estado",
      "titulo": "Contactos por Estado",
      "objetivo": "Muestra los contactos separados por estado (considera el DDD)."
    },
    {
      "name": "estatisticas-atendimentos-usuarios",
      "titulo": "Resumen Atenciones Usuarios",
      "objetivo": "Muestra el resumen de las atenciones por usuarios."
    },
    {
      "name": "relatorio-tickets",
      "titulo": "Informe de tickets",
      "objetivo": "Muestra informes de tickets con varios filtros."
    },
    {
      "name": "avaliacoes",
      "titulo": "Informe de Evaluaciones",
      "objetivo": "Muestra informes listando evaluaciones de atención"
    },
    {
      "name": "protocolos",
      "titulo": "Informe de Protocolos",
      "objetivo": "Muestra informes listando protocolos de atención"
    },
    {
      "name": "anotacoes",
      "titulo": "Informe de Anotaciones",
      "objetivo": "Muestra informes listando anotaciones hechas en los tickets"
    },
    {
      "name": "agendamentosold",
      "titulo": "Informe de Agendamientos Antiguos",
      "objetivo": "Informe de agendamientos realizados vinculados a tickets - Será eliminado en el futuro"
    }
]
