[
    {
      "name": "lista-contatos",
      "titulo": "Contactos",
      "objetivo": "Presenta todos los contactos registrados"
    },
    {
      "name": "contatos-por-etiquetas",
      "titulo": "Contactos por Etiqueta",
      "objetivo": "Presenta los contactos que fueron señalados con la etiqueta filtrada."
    },
    {
      "name": "contatos-por-estado",
      "titulo": "Contactos por Estado",
      "objetivo": "Presenta los contactos separados por estado (considera el DDD)."
    },
    {
      "name": "estatisticas-atendimentos-usuarios",
      "titulo": "Resumen Atenciones Usuarios",
      "objetivo": "Presenta el resumen de las atenciones por usuarios."
    },
    {
      "name": "relatorio-tickets",
      "titulo": "Informe de los tickets",
      "objetivo": "Presenta informes de tickets con varias filtraciones."
    },
    {
      "name": "avaliacoes",
      "titulo": "Informe de las Evaluaciones",
      "objetivo": "Presenta informes listando evaluaciones de atención"
    },
    {
      "name": "protocolos",
      "titulo": "Informe de los Protocolos",
      "objetivo": "Presenta informes listando protocolos de atención"
    },
    {
      "name": "anotacoes",
      "titulo": "Informe de las Anotaciones",
      "objetivo": "Presenta informes listando anotaciones hechas en los tickets"
    },
    {
      "name": "agendamentosold",
      "titulo": "Informe de los Agendamientos Antiguos",
      "objetivo": "Informe de agendamientos hechos atados a tickets - Será removido en el futuro"
    }
]
