[
  {
    "name": "lista-contatos",
    "titulo": "Contactos",
    "objetivo": "Muestra todos los contactos registrados"
  },
  {
    "name": "contatos-por-etiquetas",
    "titulo": "Contactos por Etiqueta",
    "objetivo": "Muestra los contactos que fueron marcados con la etiqueta filtrada."
  },
  {
    "name": "contatos-por-crm",
    "titulo": "Contactos por Lane de CRM",
    "objetivo": "Muestra los contactos que están en el lane filtrado del CRM."
  },
  {
    "name": "contatos-por-carteira",
    "titulo": "Contactos por Cartera",
    "objetivo": "Muestra lista de contactos por cartera."
  },

  {
    "name": "estatisticas-atendimentos-usuarios",
    "titulo": "Resumen de Atenciones de Usuarios",
    "objetivo": "Muestra el resumen de las atenciones por usuarios."
  },
  {
    "name": "relatorio-tickets",
    "titulo": "Informe de tickets",
    "objetivo": "Muestra informes de tickets con varios filtros."
  },
  {
    "name": "avaliacoes",
    "titulo": "Informe de Evaluaciones",
    "objetivo": "Muestra informes listando evaluaciones de atención"
  },
  {
    "name": "protocolos",
    "titulo": "Informe de Protocolos",
    "objetivo": "Muestra informes listando protocolos de atención"
  },
  {
    "name": "anotacoes",
    "titulo": "Informe de Anotaciones",
    "objetivo": "Muestra informes listando anotaciones hechas en los tickets"
  },
  {
    "name": "agendamentosold",
    "titulo": "Informe de Programaciones Antiguas",
    "objetivo": "Informe de programaciones vinculadas a tickets"
  }
]
