[
    {
      "name": "lista-contatos",
      "titulo": "Contactos",
      "objetivo": "Presenta todos los contactos registrados"
    },
    {
      "name": "contatos-por-etiquetas",
      "titulo": "Contactos por Etiqueta",
      "objetivo": "Presenta los contactos que fueron marcados con la etiqueta filtrada."
    },
    {
      "name": "contatos-por-crm",
      "titulo": "Contactos por Lane del CRM",
      "objetivo": "Presenta los contactos que están en el lane filtrado del CRM."
    },
    {
      "name": "contatos-por-carteira",
      "titulo": "Contactos por Cartera",
      "objetivo": "Presenta lista de contactos por cartera."
    },

    {
      "name": "estatisticas-atendimentos-usuarios",
      "titulo": "Resumen Atenciones Usuarios",
      "objetivo": "Presenta el resumen de las atenciones por usuarios."
    },
    {
      "name": "relatorio-tickets",
      "titulo": "Informe de tickets",
      "objetivo": "Presenta informes de tickets con varios filtros."
    },
    {
      "name": "avaliacoes",
      "titulo": "Informe de Evaluaciones",
      "objetivo": "Presenta informes listando evaluaciones de atención"
    },
    {
      "name": "protocolos",
      "titulo": "Informe de Protocolos",
      "objetivo": "Presenta informes listando protocolos de atención"
    },
    {
      "name": "anotacoes",
      "titulo": "Informe de Anotaciones",
      "objetivo": "Presenta informes listando anotaciones realizadas en los tickets"
    },
    {
      "name": "agendamentosold",
      "titulo": "Informe de Agendamientos Antiguos",
      "objetivo": "Informe de agendamientos realizados vinculados a tickets - Será eliminado en el futuro"
    }
  ]
