[
    {
      "name": "lista-contatos",
      "titulo": "Contactos",
      "objetivo": "Presenta todos los contactos registrados"
    },
    {
      "name": "contatos-por-etiquetas",
      "titulo": "Contactos por Etiqueta",
      "objetivo": "Presenta los contactos que fueron marcados con la etiqueta filtrada."
    },
    {
      "name": "contatos-por-crm",
      "titulo": "Contactos por Lane del CRM",
      "objetivo": "Presenta los contactos que están en el lane filtrado del CRM."
    },
    {
      "name": "contatos-por-carteira",
      "titulo": "Contactos por Cartera",
      "objetivo": "Presenta lista de contactos por cartera."
    },
    {
      "name": "contatos-por-estado",
      "titulo": "Contactos por Estado",
      "objetivo": "Presenta los contactos separados por estado (considera el DDD)."
    },
    {
      "name": "estatisticas-atendimentos-usuarios",
      "titulo": "Resumen Atendimientos Usuarios",
      "objetivo": "Presenta el resumen de los atendimientos por usuarios."
    },
    {
      "name": "relatorio-tickets",
      "titulo": "Informe de los tickets",
      "objetivo": "Presenta informes de tickets con varias filtraciones."
    },
    {
      "name": "avaliacoes",
      "titulo": "Informe de las Evaluaciones",
      "objetivo": "Presenta informes listando evaluaciones de atendimiento"
    },
    {
      "name": "protocolos",
      "titulo": "Informe de los Protocolos",
      "objetivo": "Presenta informes listando protocolos de atendimiento"
    },
    {
      "name": "anotacoes",
      "titulo": "Informe de las Anotaciones",
      "objetivo": "Presenta informes listando anotaciones hechas en los tickets"
    },
    {
      "name": "agendamentosold",
      "titulo": "Informe de los Agendamientos Antiguos",
      "objetivo": "Informe de agendamientos hechos atados a tickets - Será removido en el futuro"
    }
  ]
