[
  {
    "name": "lista-contatos",
    "titulo": "Contactos",
    "objetivo": "Presenta todos los contactos registrados"
  },
  {
    "name": "contatos-por-etiquetas",
    "titulo": "Contactos por Etiqueta",
    "objetivo": "Presenta los contactos que fueron señalados con la etiqueta filtrada."
  },
  {
    "name": "contatos-por-estado",
    "titulo": "Contactos por Estado",
    "objetivo": "Presenta los contactos separados por estado (considera el DDD)."
  },
  {
    "name": "estatisticas-atendimentos-usuarios",
    "titulo": "Resumen Atenciones Usuarios",
    "objetivo": "Presenta el resumen de las atenciones por usuarios."
  }
]
