  [
    {
      "name": "lista-contatos",
      "titulo": "Contatos",
      "objetivo": "Apresenta todos os contatos cadastratos"
    },
    {
      "name": "contatos-por-etiquetas",
      "titulo": "Contatos por Etiqueta",
      "objetivo": "Apresenta os contatos que foram sinalizados com a etiqueta filtrada."
    },
    {
      "name": "contatos-por-crm",
      "titulo": "Contatos por Lane da CRM",
      "objetivo": "Apresenta os contatos que estão na lane filtrada da CRM."
    },
    {
      "name": "contatos-por-carteira",
      "titulo": "Contatos por Carteira",
      "objetivo": "Apresenta lista de contatos por carteira."
    },
    {
      "name": "contatos-por-estado",
      "titulo": "Contatos por Estado",
      "objetivo": "Apresenta os contatos separados por estado (considera o DDD)."
    },
    {
      "name": "estatisticas-atendimentos-usuarios",
      "titulo": "Resumo Atendimentos Usuários",
      "objetivo": "Apresenta o resumo dos atendimentos por usuários."
    },
    {
      "name": "relatorio-tickets",
      "titulo": "Relatório dos tickets",
      "objetivo": "Apresenta relatórios de tickets com varias filtragem."
    },
    {
      "name": "avaliacoes",
      "titulo": "Relatório das Avaliações",
      "objetivo": "Apresenta relatórios listando avaliações de atendimento"
    },
    {
      "name": "protocolos",
      "titulo": "Relatório dos Protocolos",
      "objetivo": "Apresenta relatórios listando protocolos de atendimento"
    },
    {
      "name": "anotacoes",
      "titulo": "Relatório das Anotações",
      "objetivo": "Apresenta relatórios listando anotações feitas nos tickets"
    },
    {
      "name": "agendamentosold",
      "titulo": "Relatório dos Agendamentos Antigos",
      "objetivo": "Relatorio de agendamentos feitos atrelados tickets - Sera removido no futuro"
    }
  ]
