[
    {
      "name": "lista-contatos",
      "titulo": "Contactos",
      "objetivo": "Presenta todos los contactos registrados"
    },
    {
      "name": "contatos-por-etiquetas",
      "titulo": "Contactos por Etiqueta",
      "objetivo": "Presenta los contactos que fueron señalados con la etiqueta filtrada."
    },
    {
      "name": "contatos-por-crm",
      "titulo": "Contactos por Lane del CRM",
      "objetivo": "Presenta los contactos que están en el lane filtrado del CRM."
    },
    {
      "name": "contatos-por-carteira",
      "titulo": "Contactos por Cartera",
      "objetivo": "Presenta lista de contactos por cartera."
    },
    {
      "name": "estatisticas-atendimentos-usuarios",
      "titulo": "Resumen Atenciones Usuarios",
      "objetivo": "Presenta el resumen de las atenciones por usuarios."
    },
    {
      "name": "relatorio-tickets",
      "titulo": "Informe de tickets",
      "objetivo": "Presenta informes de tickets con varios filtros."
    },
    {
      "name": "avaliacoes",
      "titulo": "Informe de las Evaluaciones",
      "objetivo": "Presenta informes listando evaluaciones de atención"
    },
    {
      "name": "protocolos",
      "titulo": "Informe de los Protocolos",
      "objetivo": "Presenta informes listando protocolos de atención"
    },
    {
      "name": "anotacoes",
      "titulo": "Informe de las Anotaciones",
      "objetivo": "Presenta informes listando anotaciones hechas en los tickets"
    }
    
]
