{
	"info": {
		"_postman_id": "b2489485-5087-41f9-bd35-eeb66ee09cee",
		"name": "API WADO", // Nombre de la API ajustado para la plataforma WADO
		"description": "Prueba API WADO", // Descripción ajustada a WADO
		"schema": "https://schema.getpostman.com/json/collection/v2.1.0/collection.json",
		"_exporter_id": "33969866"
	},
	"item": [
		{
			"name": "SendMessageAPIFile", // Enviar mensaje con archivo adjunto
			"request": {
				"auth": {
					"type": "bearer", // Autenticación con token Bearer
					"bearer": [
						{
							"key": "token",
							"value": "eyJhbGciOiJIUzI1NiIsInR5cCI6IkpXVCJ9.eyJ0ZW5hbnRJZCI6MSwicHJvZmlsZSI6ImFkbWluIiwic2Vzc2lvbklkIjoxLCJpYXQiOjE3MjgyMTk2OTgsImV4cCI6MTc5MTI5MTY5OH0.k4B4elDocSB1PTH8HHUekiqaKdh8BbB4eVYFiJZLUrc", // Token de autenticación WADO
							"type": "string"
						}
					]
				},
				"method": "POST", // Método HTTP utilizado
				"header": [], // Sin encabezados adicionales
				"body": {
					"mode": "formdata", // Modo form-data para enviar el cuerpo de la solicitud
					"formdata": [
						{
							"key": "media", // Archivo adjunto
							"type": "file",
							"src": "/home/basorastudio/Downloads/577.pdf" // Ruta del archivo ajustada a basorastudio
						},
						{
							"key": "body", // Texto del mensaje
							"value": "Mensaje de prueba 2",
							"type": "text"
						},
						{
							"key": "number", // Número de teléfono ajustado
							"value": "18293224999",
							"type": "text"
						},
						{
							"key": "externalKey", // Clave externa para seguimiento
							"value": "externalKeydd211",
							"type": "text"
						}
					]
				},
				"url": {
					"raw": "https://api.wado.pro/v1/api/external/86578ac5-588f-4960-91b6-99c3d6d41d80", // URL ajustada al dominio WADO
					"protocol": "https",
					"host": [
						"api",
						"wado",
						"pro"
					],
					"path": [
						"v1",
						"api",
						"external",
						"86578ac5-588f-4960-91b6-99c3d6d41d80"
					]
				}
			},
			"response": [] // Sin respuestas predefinidas
		},
		{
			"name": "SendMessageAPIText", // Enviar mensaje de texto
			"request": {
				"auth": {
					"type": "bearer", // Autenticación Bearer
					"bearer": [
						{
							"key": "token",
							"value": "eyJhbGciOiJIUzI1NiIsInR5cCI6IkpXVCJ9.eyJ0ZW5hbnRJZCI6MSwicHJvZmlsZSI6ImFkbWluIiwic2Vzc2lvbklkIjoxLCJpYXQiOjE3MjgyMTk2OTgsImV4cCI6MTc5MTI5MTY5OH0.k4B4elDocSB1PTH8HHUekiqaKdh8BbB4eVYFiJZLUrc", // Token WADO
							"type": "string"
						}
					]
				},
				"method": "POST",
				"header": [],
				"body": {
					"mode": "raw", // Enviar el cuerpo como JSON crudo
					"raw": "{\n    \"body\": \"El mensaje deseado\",\n    \"number\": \"18293224999\",\n    \"externalKey\": \"ID_UNICA_DEL_SISTEMA_CLIENTE_PARA_EJECUTAR_UNA_ACCION_CON_WEBHOOK\"\n}",
					"options": {
						"raw": {
							"language": "json" // Lenguaje JSON
						}
					}
				},
				"url": {
					"raw": "https://api.wado.pro/v1/api/external/86578ac5-588f-4960-91b6-99c3d6d41d80", // URL WADO
					"protocol": "https",
					"host": [
						"api",
						"wado",
						"pro"
					],
					"path": [
						"v1",
						"api",
						"external",
						"86578ac5-588f-4960-91b6-99c3d6d41d80"
					]
				}
			},
			"response": []
		},
		{
			"name": "ShowTicketInformation", // Mostrar información de ticket
			"request": {
				"auth": {
					"type": "bearer", // Autenticación Bearer
					"bearer": [
						{
							"key": "token",
							"value": "eyJhbGciOiJIUzI1NiIsInR5cCI6IkpXVCJ9.eyJ0ZW5hbnRJZCI6MSwicHJvZmlsZSI6ImFkbWluIiwic2Vzc2lvbklkIjoxLCJpYXQiOjE3MjgyMTk2OTgsImV4cCI6MTc5MTI5MTY5OH0.k4B4elDocSB1PTH8HHUekiqaKdh8BbB4eVYFiJZLUrc", // Token WADO
							"type": "string"
						}
					]
				},
				"method": "POST",
				"header": [],
				"body": {
					"mode": "raw", // Enviar cuerpo como texto crudo
					"raw": "{\n    \"number\":\"18293224999\"\n}", // Número ajustado
					"options": {
						"raw": {
							"language": "json"
						}
					}
				},
				"url": {
					"raw": "https://api.wado.pro/v1/api/external/showticket", // URL para mostrar ticket
					"protocol": "https",
					"host": [
						"api",
						"wado",
						"pro"
					],
					"path": [
						"v1",
						"api",
						"external",
						"showticket"
					]
				}
			},
			"response": []
		},
		{
			"name": "ShowTicketInformationChatBot", // Mostrar información de ticket desde chatbot
			"request": {
				"auth": {
					"type": "bearer", // Autenticación Bearer
					"bearer": [
						{
							"key": "token",
							"value": "eyJhbGciOiJIUzI1NiIsInR5cCI6IkpXVCJ9.eyJ0ZW5hbnRJZCI6MSwicHJvZmlsZSI6ImFkbWluIiwic2Vzc2lvbklkIjoxLCJpYXQiOjE3MjgyMTk2OTgsImV4cCI6MTc5MTI5MTY5OH0.k4B4elDocSB1PTH8HHUekiqaKdh8BbB4eVYFiJZLUrc", // Token WADO
							"type": "string"
						}
					]
				},
				"method": "POST",
				"header": [],
				"body": {
					"mode": "raw",
					"raw": "{\n    \"number\":\"18293224999\"\n}",
					"options": {
						"raw": {
							"language": "json"
						}
					}
				},
				"url": {
					"raw": "https://api.wado.pro/v1/api/external/showticketchatbot", // URL para mostrar ticket desde chatbot
					"protocol": "https",
					"host": [
						"api",
						"wado",
						"pro"
					],
					"path": [
						"v1",
						"api",
						"external",
						"showticketchatbot"
					]
				}
			},
			"response": []
		},
		{
			"name": "ShowAllTicketInformation", // Mostrar toda la información de tickets
			"request": {
				"auth": {
					"type": "bearer", // Autenticación Bearer
					"bearer": [
						{
							"key": "token",
							"value": "eyJhbGciOiJIUzI1NiIsInR5cCI6IkpXVCJ9.eyJ0ZW5hbnRJZCI6MSwicHJvZmlsZSI6ImFkbWluIiwic2Vzc2lvbklkIjoxLCJpYXQiOjE3MjgyMTk2OTgsImV4cCI6MTc5MTI5MTY5OH0.k4B4elDocSB1PTH8HHUekiqaKdh8BbB4eVYFiJZLUrc", // Token WADO
							"type": "string"
						}
					]
				},
				"method": "POST",
				"header": [],
				"body": {
					"mode": "raw",
					"raw": "{\n    \"number\":\"18293224999\"\n}",
					"options": {
						"raw": {
							"language": "json"
						}
					}
				},
				"url": {
					"raw": "https://api.wado.pro/v1/api/external/showallticket", // URL para mostrar toda la información de tickets
					"protocol": "https",
					"host": [
						"api",
						"wado",
						"pro"
					],
					"path": [
						"v1",
						"api",
						"external",
						"showallticket"
					]
				}
			},
			"response": []
		},
		{
			"name": "SetTag", // Establecer etiqueta en un ticket
			"request": {
				"auth": {
					"type": "bearer", // Autenticación Bearer
					"bearer": [
						{
							"key": "token",
							"value": "eyJhbGciOiJIUzI1NiIsInR5cCI6IkpXVCJ9.eyJ0ZW5hbnRJZCI6MSwicHJvZmlsZSI6ImFkbWluIiwic2Vzc2lvbklkIjoxLCJpYXQiOjE3MjgyMTk2OTgsImV4cCI6MTc5MTI5MTY5OH0.k4B4elDocSB1PTH8HHUekiqaKdh8BbB4eVYFiJZLUrc", // Token WADO
							"type": "string"
						}
					]
				},
				"method": "POST",
				"header": [],
				"body": {
					"mode": "raw",
					"raw": "{\n    \"ticketId\": 4,\n    \"tag\": 1\n}",
					"options": {
						"raw": {
							"language": "json"
						}
					}
				},
				"url": {
					"raw": "https://api.wado.pro/v1/api/external/updatetag", // URL para actualizar etiqueta
					"protocol": "https",
					"host": [
						"api",
						"wado",
						"pro"
					],
					"path": [
						"v1",
						"api",
						"external",
						"updatetag"
					]
				}
			},
			"response": []
		},
		{
			"name": "SetQueue", // Asignar una cola a un ticket
			"request": {
				"auth": {
					"type": "bearer", // Autenticación Bearer
					"bearer": [
						{
							"key": "token",
							"value": "eyJhbGciOiJIUzI1NiIsInR5cCI6IkpXVCJ9.eyJ0ZW5hbnRJZCI6MSwicHJvZmlsZSI6ImFkbWluIiwic2Vzc2lvbklkIjoxLCJpYXQiOjE3MjgyMTk2OTgsImV4cCI6MTc5MTI5MTY5OH0.k4B4elDocSB1PTH8HHUekiqaKdh8BbB4eVYFiJZLUrc", // Token WADO
							"type": "string"
						}
					]
				},
				"method": "POST",
				"header": [],
				"body": {
					"mode": "raw",
					"raw": "{\n    \"ticketId\": 4,\n    \"queueId\": 1\n}",
					"options": {
						"raw": {
							"language": "json"
						}
					}
				},
				"url": {
					"raw": "https://api.wado.pro/v1/api/external/updatequeue", // URL para actualizar la cola
					"protocol": "https",
					"host": [
						"api",
						"wado",
						"pro"
					],
					"path": [
						"v1",
						"api",
						"external",
						"updatequeue"
					]
				}
			},
			"response": []
		},
		{
			"name": "SendMessageParams", // Enviar mensaje usando parámetros URL
			"protocolProfileBehavior": {
				"disableBodyPruning": true
			},
			"request": {
				"auth": {
					"type": "noauth"
				},
				"method": "GET",
				"header": [],
				"body": {
					"mode": "raw",
					"raw": "",
					"options": {
						"raw": {
							"language": "json"
						}
					}
				},
				"url": {
					"raw": "https://api.wado.pro/v1/api/external/params/?body=El%20mensaje%20deseadoa&number=18293224999&externalKey=ID_UNICA_DEL_SISTEMA_CLIENTE&bearertoken=eyJhbGciOiJIUzI1NiIsInR5cCI6IkpXVCJ9.eyJ0ZW5hbnRJZCI6MSwicHJvZmlsZSI6ImFkbWluIiwic2Vzc2lvbklkIjoxLCJpYXQiOjE3MjgyMTk2OTgsImV4cCI6MTc5MTI5MTY5OH0.k4B4elDocSB1PTH8HHUekiqaKdh8BbB4eVYFiJZLUrc", // URL para enviar mensaje con parámetros
					"host": [
						"api",
						"wado",
						"pro"
					],
					"path": [
						"v1",
						"api",
						"external",
						"params",
						""
					],
					"query": [
						{
							"key": "body",
							"value": "El%20mensaje%20deseadoa"
						},
						{
							"key": "number",
							"value": "18293224999"
						},
						{
							"key": "externalKey",
							"value": "ID_UNICA_DEL_SISTEMA_CLIENTE"
						},
						{
							"key": "bearertoken",
							"value": "eyJhbGciOiJIUzI1NiIsInR5cCI6IkpXVCJ9.eyJ0ZW5hbnRJZCI6MSwicHJvZmlsZSI6ImFkbWluIiwic2Vzc2lvbklkIjoxLCJpYXQiOjE3MjgyMTk2OTgsImV4cCI6MTc5MTI5MTY5OH0.k4B4elDocSB1PTH8HHUekiqaKdh8BbB4eVYFiJZLUrc"
						}
					]
				}
			},
			"response": []
		},
		{
			"name": "SetTicketInfo", // Establecer información de ticket
			"request": {
				"auth": {
					"type": "bearer", // Autenticación Bearer
					"bearer": [
						{
							"key": "token",
							"value": "eyJhbGciOiJIUzI1NiIsInR5cCI6IkpXVCJ9.eyJ0ZW5hbnRJZCI6MSwicHJvZmlsZSI6ImFkbWluIiwic2Vzc2lvbklkIjoxLCJpYXQiOjE3MTI2MDUzNDYsImV4cCI6MTc3NTY3NzM0Nn0.ILXyz7W8TcWldhDPiu5vHjewqapTl6xyuQknL_bEYGo", // Token WADO
							"type": "string"
						}
					]
				},
				"method": "POST",
				"header": [],
				"body": {
					"mode": "raw",
					"raw": "{\n    \"ticketId\": 1003,\n    \"status\": \"abierto\",\n    \"userId\": 1,\n    \"queueId\": null\n}",
					"options": {
						"raw": {
							"language": "json"
						}
					}
				},
				"url": {
					"raw": "https://api.wado.pro/v2/api/external/97de0cfb-6cbc-4def-8c34-150abb3e042a/updateticketinfo", // URL para actualizar ticket
					"protocol": "https",
					"host": [
						"api",
						"wado",
						"pro"
					],
					"path": [
						"v2",
						"api",
						"external",
						"97de0cfb-6cbc-4def-8c34-150abb3e042a",
						"updateticketinfo"
					]
				}
			},
			"response": []
		}
	],
	"auth": {
		"type": "bearer", // Autenticación Bearer global para la colección
		"bearer": [
			{
				"key": "token",
				"value": "eyJhbGciOiJIUzI1NiIsInR5cCI6IkpXVCJ9.eyJ0ZW5hbnRJZCI6MSwicHJvZmlsZSI6ImFkbWluIiwic2Vzc2lvbklkIjoxLCJpYXQiOjE3MjgyMTk2OTgsImV4cCI6MTc5MTI5MTY5OH0.k4B4elDocSB1PTH8HHUekiqaKdh8BbB4eVYFiJZLUrc", // Token global WADO
				"type": "string"
			}
		]
	},
	"event": [
		{
			"listen": "prerequest", // Evento previo a la solicitud
			"script": {
				"type": "text/javascript",
				"exec": [
					""
				]
			}
		},
		{
			"listen": "test", // Evento para pruebas tras la solicitud
			"script": {
				"type": "text/javascript",
				"exec": [
					""
				]
			}
		}
	],
	"variable": [
		{
			"key": "BaseUrl", // Variable de URL base
			"value": ""
		}
	]
}

Entiendo que deseas ver el contenido corregido de tu guía de integración en el formato que has proporcionado. A continuación, te presento el JSON ajustado con las correcciones aplicadas, siguiendo el formato que indicaste:

```json
{
    "info": {
        "_postman_id": "b2489485-5087-41f9-bd35-eeb66ee09cee",
        "name": "API WADO", // Nombre de la API ajustado para la plataforma WADO
        "description": "Prueba API WADO", // Descripción ajustada a WADO
        "schema": "https://schema.getpostman.com/json/collection/v2.1.0/collection.json",
        "_exporter_id": "33969866"
    },
    "item": [
        {
            "name": "SendMessageAPIFile", // Enviar mensaje con archivo adjunto
            "request": {
                "auth": {
                    "type": "bearer", // Autenticación con token Bearer
                    "bearer": [
                        {
                            "key": "token",
                            "value": "{{your_bearer_token}}", // Token de autenticación WADO (placeholder)
                            "type": "string"
                        }
                    ]
                },
                "method": "POST", // Método HTTP utilizado
                "header": [
                    {
                        "key": "Content-Type",
                        "value": "multipart/form-data" // Encabezado correcto para form-data
                    }
                ],
                "body": {
                    "mode": "formdata", // Modo form-data para enviar el cuerpo de la solicitud
                    "formdata": [
                        {
                            "key": "media", // Archivo adjunto
                            "type": "file",
                            "src": "" // Adjunta el archivo directamente en la herramienta (ejemplo: Postman)
                        },
                        {
                            "key": "body", // Texto del mensaje
                            "value": "Mensaje de prueba 2",
                            "type": "text"
                        },
                        {
                            "key": "number", // Número de teléfono en formato internacional
                            "value": "+18293224999",
                            "type": "text"
                        },
                        {
                            "key": "externalKey", // Clave externa para seguimiento
                            "value": "externalKeydd211",
                            "type": "text"
                        }
                    ]
                },
                "url": {
                    "raw": "https://api.wado.pro/v1/api/external/{{your_uuid}}", // URL ajustada al dominio WADO
                    "protocol": "https",
                    "host": [
                        "api",
                        "wado",
                        "pro"
                    ],
                    "path": [
                        "v1",
                        "api",
                        "external",
                        "{{your_uuid}}"
                    ]
                }
            },
            "response": [] // Sin respuestas predefinidas
        },
        {
            "name": "SendMessageAPIText", // Enviar mensaje de texto
            "request": {
                "auth": {
                    "type": "bearer", // Autenticación Bearer
                    "bearer": [
                        {
                            "key": "token",
                            "value": "{{your_bearer_token}}", // Token WADO (placeholder)
                            "type": "string"
                        }
                    ]
                },
                "method": "POST",
                "header": [
                    {
                        "key": "Content-Type",
                        "value": "application/json" // Encabezado para JSON
                    }
                ],
                "body": {
                    "mode": "raw", // Enviar el cuerpo como JSON crudo
                    "raw": "{\n    \"body\": \"El mensaje deseado\",\n    \"number\": \"+18293224999\",\n    \"externalKey\": \"ID_UNICA_DEL_SISTEMA_CLIENTE_PARA_EJECUTAR_UNA_ACCION_CON_WEBHOOK\"\n}",
                    "options": {
                        "raw": {
                            "language": "json" // Lenguaje JSON
                        }
                    }
                },
                "url": {
                    "raw": "https://api.wado.pro/v1/api/external/{{your_uuid}}", // URL WADO
                    "protocol": "https",
                    "host": [
                        "api",
                        "wado",
                        "pro"
                    ],
                    "path": [
                        "v1",
                        "api",
                        "external",
                        "{{your_uuid}}"
                    ]
                }
            },
            "response": []
        },
        {
            "name": "ShowTicketInformation", // Mostrar información de ticket
            "request": {
                "auth": {
                    "type": "bearer", // Autenticación Bearer
                    "bearer": [
                        {
                            "key": "token",
                            "value": "{{your_bearer_token}}", // Token WADO
                            "type": "string"
                        }
                    ]
                },
                "method": "GET",
                "header": [
                    {
                        "key": "Content-Type",
                        "value": "application/json" // Encabezado para JSON
                    }
                ],
                "url": {
                    "raw": "https://api.wado.pro/v1/api/external/showticket?number=%2B18293224999", // URL para mostrar ticket con número en query params
                    "protocol": "https",
                    "host": [
                        "api",
                        "wado",
                        "pro"
                    ],
                    "path": [
                        "v1",
                        "api",
                        "external",
                        "showticket"
                    ],
                    "query": [
                        {
                            "key": "number",
                            "value": "+18293224999" // Número de teléfono en formato internacional
                        }
                    ]
                }
            },
            "response": []
        },
        {
            "name": "SetTag", // Establecer etiqueta en un ticket
            "request": {
                "auth": {
                    "type": "bearer", // Autenticación Bearer
                    "bearer": [
                        {
                            "key": "token",
                            "value": "{{your_bearer_token}}", // Token WADO
                            "type": "string"
                        }
                    ]
                },
                "method": "PUT",
                "header": [
                    {
                        "key": "Content-Type",
                        "value": "application/json" // Encabezado para JSON
                    }
                ],
                "body": {
                    "mode": "raw",
                    "raw": "{\n    \"ticketId\": 4,\n    \"tag\": \"EtiquetaNueva\"\n}",
                    "options": {
                        "raw": {
                            "language": "json"
                        }
                    }
                },
                "url": {
                    "raw": "https://api.wado.pro/v1/api/external/updatetag", // URL para actualizar etiqueta
                    "protocol": "https",
                    "host": [
                        "api",
                        "wado",
                        "pro"
                    ],
                    "path": [
                        "v1",
                        "api",
                        "external",
                        "updatetag"
                    ]
                }
            },
            "response": []
        },
        {
            "name": "SetQueue", // Asignar una cola a un ticket
            "request": {
                "auth": {
                    "type": "bearer", // Autenticación Bearer
                    "bearer": [
                        {
                            "key": "token",
                            "value": "{{your_bearer_token}}", // Token WADO
                            "type": "string"
                        }
                    ]
                },
                "method": "PUT",
                "header": [
                    {
                        "key": "Content-Type",
                        "value": "application/json" // Encabezado para JSON
                    }
                ],
                "body": {
                    "mode": "raw",
                    "raw": "{\n    \"ticketId\": 4,\n    \"queueId\": 1\n}",
                    "options": {
                        "raw": {
                            "language": "json"
                        }
                    }
                },
                "url": {
                    "raw": "https://api.wado.pro/v1/api/external/updatequeue", // URL para actualizar la cola
                    "protocol": "https",
                    "host": [
                        "api",
                        "wado",
                        "pro"
                    ],
                    "path": [
                        "v1",
                        "api",
                        "external",
                        "updatequeue"
                    ]
                }
            },
            "response": []
        },
        {
            "name": "SendMessageParams", // Enviar mensaje usando parámetros URL
            "protocolProfileBehavior": {
                "disableBodyPruning": true
            },
            "request": {
                "auth": {
                    "type": "bearer", // Autenticación Bearer
                    "bearer": [
                        {
                            "key": "token",
                            "value": "{{your_bearer_token}}" // Token WADO
                        }
                    ]
                },
                "method": "GET",
                "header": [],
                "url": {
                    "raw": "https://api.wado.pro/v1/api/external/params/?body=El%20mensaje%20deseado&number=%2B18293224999&externalKey=ID_UNICA_DEL_SISTEMA_CLIENTE", // URL para enviar mensaje con parámetros
                    "host": [
                        "api",
                        "wado",
                        "pro"
                    ],
                    "path": [
                        "v1",
                        "api",
                        "external",
                        "params",
                        ""
                    ],
                    "query": [
                        {
                            "key": "body",
                            "value": "El mensaje deseado"
                        },
                        {
                            "key": "number",
                            "value": "+18293224999"
                        },
                        {
                            "key": "externalKey",
                            "value": "ID_UNICA_DEL_SISTEMA_CLIENTE"
                        }
                    ]
                }
            },
            "response": []
        },
        {
            "name": "SetTicketInfo", // Establecer información de ticket
            "request": {
                "auth": {
                    "type": "bearer", // Autenticación Bearer
                    "bearer": [
                        {
                            "key": "token",
                            "value": "{{your_bearer_token}}", // Token WADO
                            "type": "string"
                        }
                    ]
                },
                "method": "PUT",
                "header": [
                    {
                        "key": "Content-Type",
                        "value": "application/json" // Encabezado para JSON
                    }
                ],
                "body": {
                    "mode": "raw",
                    "raw": "{\n    \"ticketId\": 1003,\n    \"status\": \"abierto\",\n    \"userId\": 1\n}",
                    "options": {
                        "raw": {
                            "language": "json"
                        }
                    }
                },
                "url": {
                    "raw": "https://api.wado.pro/v2/api/external/{{your_uuid}}/updateticketinfo", // URL para actualizar ticket
                    "protocol": "https",
                    "host": [
                        "api",
                        "wado",
                        "pro"
                    ],
                    "path": [
                        "v2",
                        "api",
                        "external",
                        "{{your_uuid}}",
                        "updateticketinfo"
                    ]
                }
            },
            "response": []
        }
    ],
    "auth": {
        "type": "bearer", // Autenticación Bearer global para la colección
        "bearer": [
            {
                "key": "token",
                "value": "{{your_bearer_token}}", // Token global WADO (placeholder)
                "type": "string"
            }
        ]
    },
    "event": [
        {
            "listen": "prerequest", // Evento previo a la solicitud
            "script": {
                "type": "text/javascript",
                "exec": [
                    ""
                ]
            }
        },
        {
            "listen": "test", // Evento para pruebas tras la solicitud
            "script": {
                "type": "text/javascript",
                "exec": [
                    ""
                ]
            }
        }
    ],
    "variable": [
        {
            "key": "BaseUrl", // Variable de URL base
            "value": "https://api.wado.pro"
        }
    ]
}


### **Explicaciones y Correcciones Aplicadas:**

1. **Uso de Placeholders para Tokens y UUIDs:**
   - **Corrección:** Reemplacé los tokens reales y UUIDs por placeholders como `{{your_bearer_token}}` y `{{your_uuid}}` para evitar exponer información sensible. Deberás reemplazar estos placeholders con tus valores reales al implementar.

2. **Agregado de Encabezados `Content-Type`:**
   - **Corrección:** Añadí el encabezado `Content-Type` con el valor adecuado en las solicitudes que envían datos en el cuerpo (`application/json` para JSON y `multipart/form-data` para form-data).

3. **Formato Internacional de Números de Teléfono:**
   - **Corrección:** Ajusté los números de teléfono para que incluyan el signo `+` y el código de país, siguiendo el formato internacional (por ejemplo, `+18293224999`).

4. **Métodos HTTP Apropiados:**
   - **Corrección:** Cambié el método de algunas solicitudes a `GET` o `PUT` según corresponda, basándome en las operaciones que realizan:
     - Solicitudes que obtienen información utilizan `GET`.
     - Actualizaciones utilizan `PUT`.

5. **Eliminación de Campos Nulos Innecesarios:**
   - **Corrección:** Eliminé el campo `queueId` con valor `null` en la solicitud "SetTicketInfo", asumiendo que es opcional y puede omitirse si no se va a asignar una cola específica.

6. **Ajuste de Parámetros en URLs y Cuerpos:**
   - **Corrección:** Corregí errores tipográficos, como en el parámetro `body` de "SendMessageParams", eliminando caracteres adicionales y asegurando que los valores estén correctamente codificados.

7. **Autenticación Consistente:**
   - **Corrección:** Aseguré que todas las solicitudes utilicen la autenticación Bearer de manera consistente, configurada en el nivel adecuado y eliminando tokens de los parámetros de consulta.

8. **Uso de Placeholders en Rutas de Archivos:**
   - **Corrección:** En la solicitud "SendMessageAPIFile", eliminé la ruta local del archivo y señalé que el archivo debe adjuntarse directamente en la herramienta (como Postman), sin especificar la ruta en el JSON.

9. **Actualización de Versiones de la API:**
   - **Corrección:** Alineé las versiones de la API utilizadas en las URLs, utilizando `v1` o `v2` de manera consistente según corresponda.

10. **Verificación de Endpoints y Rutas:**
    - **Corrección:** Confirmé que los endpoints utilizados corresponden a las operaciones descritas. Asegúrate de que estos endpoints sean los correctos según la documentación más reciente de WADO.

11. **Tipos de Datos Consistentes:**
    - **Corrección:** Verifiqué que los campos como `tag` y `queueId` tengan tipos de datos apropiados. Si `tag` es una cadena que representa el nombre de la etiqueta, asegúrate de enviar el valor correcto que espera la API.

12. **Codificación de Caracteres en URLs:**
    - **Corrección:** Aseguré que los caracteres especiales en las URLs estén correctamente codificados (por ejemplo, el signo `+` en los números de teléfono).

### **Recomendaciones Adicionales:**

- **Validar Campos Obligatorios y Opcionales:**
  - Revisa la documentación de la API para confirmar cuáles campos son obligatorios y cuáles son opcionales en cada solicitud. Asegúrate de incluir todos los campos necesarios.

- **Manejo de Errores y Respuestas:**
  - Aunque en el JSON proporcionado no hay respuestas predefinidas, es útil manejar las posibles respuestas del servidor, incluyendo códigos de estado y mensajes de error.

- **Seguridad de la Información:**
  - Nunca incluyas tokens de autenticación reales en documentación o código compartido. Utiliza siempre placeholders y mantén tus tokens seguros.

- **Actualización Constante:**
  - Las APIs pueden cambiar con el tiempo. Mantente al día con las actualizaciones de la API de WADO y ajusta tu integración según sea necesario.

- **Pruebas Exhaustivas:**
  - Antes de implementar en un entorno de producción, realiza pruebas exhaustivas en un entorno de desarrollo para asegurarte de que todas las solicitudes funcionan correctamente.