{
	"info": {
		"_postman_id": "be7f3040-5b9e-444d-802b-5ee8d58f818a",
		"name": "API WADO",
		"description": "Prueba de API WADO",
		"schema": "https://schema.getpostman.com/json/collection/v2.1.0/collection.json",
		"_exporter_id": "33969866"
	},
	"item": [
		{
			"name": "SendMessageAPIFile",
			"request": {
				"auth": {
					"type": "bearer",
					"bearer": [
						{
							"key": "token",
							"value": "eyJhbGciOiJIUzI1NiIsInR5cCI6IkpXVCJ9.eyJ0ZW5hbnRJZCI6MSwicHJvZmlsZSI6ImFkbWluIiwic2Vzc2lvbklkIjoxLCJpYXQiOjE2MTU1OTM3ODIsImV4cCI6MTY3ODY2NTc4Mn0.d_irhAg5jMXHVvZoLAV1pO13nMhxuNS3u3EsKxFQUoQ",
							"type": "string"
						}
					]
				},
				"method": "POST",
				"header": [],
				"body": {
					"mode": "formdata",
					"formdata": [
						{
							"key": "media",
							"type": "file",
							"src": "/home/wado/Downloads/wado.pdf"
						},
						{
							"key": "body",
							"value": "Mensaje de prueba 2",
							"type": "text"
						},
						{
							"key": "number",
							"value": "18293224999",
							"type": "text"
						},
						{
							"key": "externalKey",
							"value": "externalKeydd211",
							"type": "text"
						}
					]
				},
				"url": {
					"raw": "https://api.wado.pro/v1/api/external/999ab3a2-9f1f-4ffb-969a-bfb72234ece1",
					"protocol": "https",
					"host": [
						"api.wado.pro"
					],
					
					"path": [
						"v1",
						"api",
						"external",
						"999ab3a2-9f1f-4ffb-969a-bfb72234ece1"
					]
				}
			},
			"response": []
		},
		{
			"name": "SendMessageAPIText",
			"request": {
				"auth": {
					"type": "bearer",
					"bearer": [
						{
							"key": "token",
							"value": "eyJhbGciOiJIUzI1NiIsInR5cCI6IkpXVCJ9.eyJ0ZW5hbnRJZCI6MSwicHJvZmlsZSI6ImFkbWluIiwic2Vzc2lvbklkIjoxLCJpYXQiOjE2MTU1OTM3ODIsImV4cCI6MTY3ODY2NTc4Mn0.d_irhAg5jMXHVvZoLAV1pO13nMhxuNS3u3EsKxFQUoQ",
							"type": "string"
						}
					]
				},
				"method": "POST",
				"header": [],
				"body": {
					"mode": "raw",
					"raw": "{\n    \"body\": \"El mensaje deseado\",\n    \"number\": \"DDI+DDD+CELUAR === 18293224999\",\n    \"externalKey\": \"ID_UNICA_DEL_SISTEMA_CLIENTE_PARA_EJECUTAR_UNA_ACCIÓN_CON_WEBHOOK\"\n}",
					"options": {
						"raw": {
							"language": "json"
						}
					}
				},
				"url": {
					"raw": "https://api.wado.pro/v1/api/external/999ab3a2-9f1f-4ffb-969a-bfb72234ece1",
					"protocol": "https",
					"host": [
						"api.wado.pro"
					],
					
					"path": [
						"v1",
						"api",
						"external",
						"999ab3a2-9f1f-4ffb-969a-bfb72234ece1"
					]
				}
			},
			"response": []
		}
	],
	"auth": {
		"type": "bearer",
		"bearer": [
			{
				"key": "token",
				"value": "eyJhbGciOiJIUzI1NiIsInR5cCI6IkpXVCJ9.eyJ0ZW5hbnRJZCI6MSwicHJvZmlsZSI6ImFkbWluIiwic2Vzc2lvbklkIjoxLCJpYXQiOjE2MTYwNDAwNDgsImV4cCI6MTY3OTExMjA0OH0.gDoVv_JDnrPLFLAzJgwpz_Cwd2JGhzeCUz2ILQ2uRRA",
				"type": "string"
			}
		]
	},
	"event": [
		{
			"listen": "prerequest",
			"script": {
				"type": "text/javascript",
				"exec": [
					""
				]
			}
		},
		{
			"listen": "test",
			"script": {
				"type": "text/javascript",
				"exec": [
					""
				]
			}
		}
	],
	"variable": [
		{
			"key": "BaseUrl",
			"value": ""
		}
	]
}